uid,nickname
35367280,ᴵᴷ닭털이DrleeH
47373969,ᴵᴷ 다기다려
36228395,ᴵᴷ 달달한 솔로
62107647,ᴵᴷ Oceerzu
32947363,달달한 소년
31683884,ᴵᴷ 하얀늑대 AnC
32950404,ᴵᴷ 달달한샤인
31802861,ᴵᴷ ROMA
65175356,ᴵᴷ여명의눈동자
31701694,쾌 타 천
35387600,1847 JO지나 2
44896685,ᴵᴷ 란영
61819806,ᴵᴷ MISTRAL
44522259,신나는백하마
61854480,ᴵᴷ ㄷㆍㄴㅊㅡㆍ
59489549,Cantriel
62118818,ᴵᴷ 달달한 세종
59811565,ᴵᴷ 인자기
31714248,바 비
32373864,그래마내가점마랑확마했다마
31688200,ᴵᴷ 장동식
32089618,亗 최강리오 亗
59568142,IK짬뽕
32899018,달달한 피넛
63133851,ᴵᴷ yayaやや야야
31688612,ᴵᴷ 유혈사태
35458823,I am grooT
62243320,Lubitsch
59810103,IK of New York
59270079,ᴵᴷ 노력해
31741181,고드름
59642409,IK EdgardArruda
31715736,짜장면
58344998,ᴵᴷ Hibou
32394987,ᴵᴷ 신나는건태우파
43774902,환인 Legend
33751341,까나뤼
47517107,ᴵᴷ 냥이
43660034,ᴵᴷ 윤
34083845,신나는열전달
34014036,ᴵᴷ 신나는 백호장군
80207244,그럼에도넌Yu
34344752,1847 JO지나
32987201,ᴵᴷ 달달한 똥꼬
32375148,ᴵᴷ 부리부리대마왕
59424704,Anduine Wrynn
59763444,ᴵᴷ 용맘
34157451,ᴵᴷ 눈누
61798594,ᴵᴷHelloTree
80203321,ᴵᴷ 龍飛
60436028,ᴵᴷ Dokdo85
58179138,ᴵᴷ ㄹrㅇi언
59513572,ᴵᴷ 아     치
44673944,ᴵᴷ Mev
80106777,무등love
63134067,ᴵᴷ 강유
59590433,IK ShõøTeR 47
47478781,킴아쮸
31659513,ᴵᴷ 웅강산
79908935,승형이다
34527077,ᴵᴷ 신나는브릿츠
91715241,Kayun X
47516795,COVID19 1
32891974,ᴵᴷ 달달한 왕쟈
63736812,ᴵᴷ 잘난 스키
79961548,그럼에도난Me
79014116,알  파  카
47439021,ᴵᴷ J제이
41257755,달달한 솔로옵빠
62997377,욘나니
59427020,ᴵᴷ 하얀입술3
45349046,ᴵᴷ 굿  luck
39315240,1847 JO지나 3
61876251,위대한 ᴵᴷ Hoo닥
47334472,Randavi Ko7
74281911,ᴵᴷ 도럴드
32963255,IK 달달한 기농
47453134,ᴵᴷ 가 람
32871665,ᴵᴷ 달달한 붕붕
62280579,KTO레전드
59471221,THE RAID 17
61996770,위대한 ᴵᴷ FILM
42473642,ᴵᴷ 퓨어스틸
31872459,겉
31664389,웅강산
32894631,ᴵᴷ 달달한 두공
61273427,ᴵᴷ Iambini
79863748,ᴵᴷ 모찌모카
58487869,Xerxes 47
59614193,cuchilla
43591762,날  엔
59376166,달달한 제니
59414379,Krātos
32641626,亗로마 수비대亗
80183318,ᴵᴷ 한양귀농인
45478296,Dale88
31710726,亗 드랙 亗
79623449,BuzZ YOLO Life
80208808,ᴵᴷ WindPaPa
35024805,ᴵᴷ꼬마버스 Tayo
47372213,ᴵᴷ 슈크림잉어빵
59541388,Duy Pham 3F
47478393,ᴵᴷ 망우리촌놈
59382648,ᴵᴷ ARES
70642527,넌 나에게 목욕값을 줬어
61882226,오른손에식칼
36254318,꼬쉬 듀리
34722097,ᴵᴷ뽀롱뽀롱뽀로로
36384141,UU VIVIGO
61817382,ᴵᴷ 콜라
58969991,코르나
77197232,ᴵᴷ ㄲㆍㅡㄹㅌㆍㅡㅇ
40610177,ᴵᴷ 모모는철부지
63203174,Khaldrogo IK
79893837,ᴵᴷ 의찬임
32910187,달달한 사과
80176111,ᴵᴷ 새미소사해리
80191019,ᴵᴷ 시현임
81456440,ᴵᴷ 바람의아빠
79857489,ghost 유령
51041209,ᴵᴷ Serena
34496907,ᴵᴷ 신나는파도
61098612,아름다운 날
61804037,ᴵᴷ 불나방 두두
36247060,썽주이
31970518,ᴵᴷ디제루푸락셀
80149744,ᴵᴷ 캡슐
85079000,ᴵᴷ 동방누리
32391046,신나는도산운라크
59521203,Lamiasmex
61984470,ᴵᴷ 달달한 마댕
59489481,ᴵᴷ WarHero
36264426,칼춤추는 김 분 홍
32279198,ᴵᴷ 골드문
59513445,IGNIS84
61108718,ACTORYANG
59625566,tiavodestruidor
61824036,라이거J
67996654,IH EdgardFarm
32453618,ᴵᴷ신나는다부동
58320033,KL Ali kan
59402922,絆kizuna
33845976,왼손에사시미
66121272,여명의눈동자2
59499603,fly dog
36269489,유혈사태
59421599,CUUA
43721174,28288920
80186762,ᴵᴷ EvilSun
44905192,란영99
59584045,HOÀNG ĐẾ 1
59521005,one pice 12
59587173,Pinkice
34711533,ᴵᴷKOREATECH
59537837,Ahmadking1990
32428262,신나는탱자탱자
59625369,AL PROFESSOR
45852659,DeaJanggeum
61674637,IK 흐미정그미
47716281,케플러A
59556209,حلف بني ياس
68420372,흐어흐어
36070256,근 배
67989282,fetih 1453
62228326,IK짬뽕밥
32636524,v백호v
71162100,HOÀNG ĐẾ 2
59515793,KL 상계동 발발이
59522452,Ken aROK
73491303,후지와라타쿠미
59508507,ابواحمد 919
63047345,IK Ingdom
59566531,Zeeshan Khalid
59588494,pop84
61100806,닥터두기
36732074,ᴵᴷ 너지금뭐해
60057450,ᴵᴷ 망우리촌놈1
59451565,ᴵᴷ 바닐라
55779126,쾌 타 천 B
73325024,ᴵᴷ흑룡
70231853,ᴵᴷ 사이다
65920524,세종 2호점
38964474,ᴵᴷ 아빠용
59492194,SK  ElDiEsEl
47608693,다기다려1
68662137,ZeeshaN Khalid
45271107,Sergio 08
37796658,백호꼬붕
51393425,유혈극
63748186,COVID19 2
70728248,여명의눈동자3
59602328,SeadPasha
63923282,YourFate
63825016,코르나1
39437672,ᴵᴷ 언니용
63048740,Hi Tree
64955790,Ernst Lubitsch
69394007,다기다려3
61831098,용가뤼용
59429173,YTrollMax
61125729,귀찬다가라
70822433,다기다려4
58788618,KJO레전드
60632858,kevin johnson
70865858,OCĒLŌPILLI87
72210246,여명의눈동자4
53470217,亗로마 경비대亗
59611747,redyello
59530647,불루불루
69241427,헬로트리 팜
36767067,달피넛
33016405,핑크리차드
80282650,ᴵᴷ 블랙용
69243113,헬로트리 농장
77581126,가 람 II
81828162,라오시현
59433621,RakaFrodo
62292995,아린1
66498449,angry kid
59512770,sinaloa37
69322147,다기다려2
74570605,1847 JO지나 4
77258663,1847 JO지나 5
68302180,아  치
55717795,Randavi Ko7 F
61800871,고등어한마리
59429534,Halotes
69590359,ᴵᴷ bini F
59637976,Deadpooling Ash
50025275,저기압 일땐 고기앞으로
82731757,무등산별장 금화
59511502,Hussain460
59579893,alaa assaf
52059679,KALTIM88
79550398,유령말달리자
59490743,kanghoon
43836700,웅강산2
36395326,울산알라딘
59478510,Unknown Errors
61122882,오로시똑바로
68319241,ᴵᴷ인자기 10
79022492,모찌모카 farm1
45171376,기억하고 싶은 날엔
62394185,AURALİUSS TR
70722983,그 투력에 잠이 오냐
47398986,우히힣ㅎ
59472752,pBeeashallie
85013562,다기다려6
72540335,달피녓
47184360,KARINÁ
58925722,ㄹrㅇi언 농장
73705388,드래곤파더
59589989,Statthalter59589989
62592487,ᴵᴷ인자기 7
58808851,ㄹrㅇi언 도시락
50228858,쾌 타 천 C
59418356,AVCI BOYU
37349531,쾌 타 천 D
59455526,The Eagle 24
32409634,D을지부루
79613357,BuzZ Doflamingo
59494611,Vonhellscream
81524304,BuzZ Crocodile
59594978,aboomr
59552649,Ömer izol
63458812,Lubistore
34499111,쾌 타 천 F
36733567,리오군단 분대장
82139598,koby beef
63027140,오른손에망치
77072577,ᴵᴷ 망우리촌놈2
42478547,바비B
45071070,쾌 타 천 G
41495642,쾌 타 천 E
36754730,ᴵᴷ 달달한 누나야
82930328,피넛남친
32174595,바비A
35673681,이기영 부캐
80461805,강유도시락
59463641,tragediadidio
81243178,scv캡숼
82243211,scv캡술
59325302,Mini Hibou
59626222,Conde Ble
59521417,LIW龍的傳人
79627639,BuzZ BoaHancock
59594119,Форт555
59615477,NeverTry1
99324462,BuzZ Doctor Law
40315362,Koe4SNB
37860911,네이버쇼핑 듀리
59443685,Hany gaber
60480085,ARES Nzell
83175770,ᴵᴷ 의찬임s
59540508,Bro Bajak Town
80995471,ᴵᴷ Evil
88026962,ㄹrㅇi언 간식
39176309,뒷골목대빵
42478600,바비C
60999084,ᴵᴷ 달달한 기요미
